0,1,2,3,4,5,6,7,8,9,10,11,12,13
0.041843235,0.1091036,-0.1278629,-0.1554984,-0.4458178,-0.543901,-0.93431425,0.030772548,-0.49095383,0.103066035,-0.88046885,-0.76189953,-0.6453491,2.0
0.60936064,-0.59453595,0.12083354,-0.54071224,-0.13702658,0.28522772,0.108512916,-0.46975276,-0.09042493,-0.4999567,0.09934403,0.6012159,-0.085170045,0.0
0.25311425,-0.2570502,0.24385676,0.14514297,-0.3087253,-0.7344936,-0.8698165,-0.20888244,-0.7324274,-0.12949818,-0.56978375,-0.4850371,-0.34526598,2.0
0.050852265,0.11984742,0.2407517,0.13211572,-0.5225495,-0.72755134,-0.9250572,0.34670302,-0.88507277,-0.3211413,-0.67204994,-0.79714096,-0.55731374,2.0
0.6843194,-0.2393211,0.09813872,-0.19814123,-0.17368051,0.40146005,0.017841881,-0.5410732,-0.015798412,-0.12471556,-0.33106518,0.3833069,0.3181166,0.0
-0.34390655,-0.44349808,-0.020908304,-0.10642956,-0.5774633,0.0035457683,-0.29295656,0.42602223,-0.3453675,-0.74369776,0.13399309,-0.038876016,-0.5667025,1.0
-0.43047348,-0.34831533,-0.048985858,-0.05573418,-0.39922577,0.18180615,0.009234676,-0.1854433,-0.45791972,-0.778754,0.11297653,-0.24295333,-0.6607301,1.0
0.4632753,-0.43233368,-0.013227263,-0.28109422,-0.2950577,0.01009928,0.009911012,-0.55407375,-0.069337696,-0.2282918,-0.055810727,0.36954,0.041297894,0.0
0.34157097,-0.37480643,0.32538316,-0.20314477,-0.27794233,0.57572716,0.003719417,-0.34447715,0.06510109,-0.11628071,-0.07713488,0.45793992,0.053120714,0.0
0.3893942,-0.46942028,0.0107823005,-0.37595522,-0.3985466,0.5042254,0.18093382,-0.32804754,0.035641734,-0.3570644,-0.0661874,0.5117907,0.24869938,0.0
0.40606844,-0.38415167,0.04052091,-0.21464989,-0.36226764,0.24894157,-0.054347266,-0.37367168,-0.24713549,-0.18793355,-0.27409074,0.30741474,0.07640036,0.0
0.46804446,-0.5298042,0.099702604,-0.28736988,-0.085731946,0.4087876,0.15034801,-0.4229335,-0.17317022,-0.32623976,-0.10962893,0.5557582,0.046869222,0.0
0.12210495,0.006642188,0.051134206,0.027774125,-0.57123387,-0.8490251,-0.9629306,-0.057933487,-0.7298663,0.4645943,-0.9001864,-0.79822046,-0.48222178,2.0
0.19433808,0.071901456,0.16401777,0.20000726,-0.3405652,-0.73624015,-0.94952416,0.47088152,-0.59188133,-0.107170194,-0.60930014,-0.76158035,-0.5066416,2.0
0.2126325,0.121104576,0.10754877,0.3297664,-0.36681452,-0.65255266,-0.9248943,0.41328666,-0.68667275,-0.15785775,-0.59633696,-0.59315354,-0.737106,2.0
0.50076264,-0.51264024,0.04748022,-0.30862185,-0.41996056,-0.07959701,0.05539305,-0.41628245,-0.22835818,-0.27859434,-0.02138392,0.5277308,0.08597961,0.0
0.4758156,-0.101824656,0.16075563,-0.07919776,-0.1317255,0.24442996,0.091556504,-0.3700872,0.056051765,-0.26452136,-0.063964605,0.20871982,0.12596314,0.0
-0.6716983,-0.6846387,0.2049972,0.06836794,-0.40987605,0.098774076,-0.23700508,-0.19708784,-0.43315184,-0.65701115,0.016069805,-0.062346973,-0.726,1.0
-0.2654062,-0.6151554,0.20875756,-0.09663305,-0.26493925,0.031381156,-0.40333307,0.48160353,-0.5750928,-0.7978509,0.09268424,-0.09687803,-0.7448237,1.0
0.38946658,-0.12962419,0.14684285,0.0022176616,-0.23495458,0.19516318,0.029972488,0.08084326,-0.15207474,-0.09866299,-0.22473028,0.022808153,0.116262294,0.0
-0.03133999,-0.37200361,-0.2113266,-0.06250351,-0.39361912,-0.705791,-0.94995594,-0.0941691,-0.7974328,0.11960586,-0.80677426,-0.80207086,-0.57009757,2.0
-0.12778124,-0.622913,0.0493034,-0.21816427,-0.53844446,-0.055606972,-0.5015808,0.5223517,-0.5577138,-0.8253875,-0.14711897,-0.3076194,-0.7304673,1.0
0.09277549,0.050770707,0.29793373,0.5209011,-0.47575432,-0.32277647,-0.8962106,0.5748632,-0.7667433,0.38278294,-0.82286227,-0.69554234,-0.2811494,2.0
0.48809794,-0.5904209,-0.02030558,-0.4348524,-0.06388924,0.35400358,-0.22148083,-0.2521541,-0.2918887,-0.1671017,-0.2442273,0.014104677,0.19505303,0.0
0.470784,-0.46506107,0.01192492,-0.47304702,-0.4160744,0.18372601,0.07894176,-0.5436865,0.056386225,-0.30211523,-0.061298933,0.56081736,0.24220636,0.0
-0.65400046,-0.6739744,0.21234092,-0.3155255,-0.30558506,-0.26097637,-0.09973145,-0.12037609,0.06767948,-0.5255616,-0.16618514,-0.117077395,-0.75790024,1.0
-0.65451753,-0.8164285,0.12607864,-0.09239961,-0.61323094,-0.050306156,-0.27136505,-0.30628976,-0.31690112,-0.8389946,0.000211671,0.2745549,-0.68090594,1.0
-0.63768804,-0.661363,-0.09485133,-0.24971592,-0.43585473,0.2938757,0.21511872,-0.39938268,-0.025306063,-0.5840566,0.067078024,0.19545253,-0.6776297,1.0
0.3775338,-0.3620664,0.14205173,-0.3279419,-0.56731474,0.07600377,-0.056525897,-0.4647446,-0.2530599,-0.37578106,0.031344872,0.5246955,0.29575828,0.0
-0.4565119,-0.7212171,-0.017113158,-0.085516736,-0.3906582,-0.121503435,-0.32172367,0.004737435,-0.24770848,-0.5348715,-0.108464,-0.12275975,-0.66337276,1.0
-0.14865065,-0.8084887,-0.038500696,-0.1394863,-0.5323865,0.044538174,-0.30759934,-0.2331734,-0.6785524,-0.53635216,-0.14033554,-0.033452682,-0.5465442,1.0
-0.3816147,-0.50150836,0.2964712,-0.18557891,-0.53240985,0.22943728,0.15859045,-0.25134817,-0.32042935,-0.7538682,-0.048857998,-0.053420566,-0.7817363,1.0
0.07925461,0.21951851,0.13610998,0.14166321,-0.584991,-0.72180545,-0.9721339,0.4175066,-0.4670929,0.21244192,-0.8055971,-0.9261699,-0.26290667,2.0
0.009526108,-0.16316405,0.15389073,0.2712718,-0.19950722,-0.75521374,-0.87541485,-0.19823827,-0.606985,-0.06545311,-0.47146276,-0.5754052,-0.55585873,2.0
0.112617634,-0.101831265,0.07558468,0.20689991,-0.6026169,-0.6237823,-0.89668816,0.27286452,-0.56626105,0.19218303,-0.73493505,-0.770352,-0.18173797,2.0
0.3426426,-0.32021984,0.16009438,-0.0054078694,-0.4395165,-0.71227765,-0.9360442,0.59029573,-0.5634076,0.41705966,-0.7801945,-0.9106059,-0.059607085,2.0
-0.08519085,-0.22552468,0.22300573,0.129828,-0.45000342,-0.69229406,-0.8929912,0.34130916,-0.5425079,-0.19355826,-0.5688367,-0.7290015,-0.5386438,2.0
-0.34894922,-0.55231744,-0.050989803,-0.18083645,-0.36123422,-0.40085122,-0.26756805,0.0376278,-0.36368048,-0.6940524,-0.28641447,-0.19839399,-0.7622154,1.0
-0.55452085,-0.5956688,0.040922463,0.4716916,-0.48517898,-0.36169156,-0.29595253,0.026726235,0.20437568,-0.66471595,-0.15361856,0.39459044,-0.7035219,1.0
0.58821803,-0.23993035,0.2023688,-0.22425549,-0.12748852,0.14763783,0.18095614,-0.2658876,-0.12631929,-0.12349379,-0.11211552,0.22568619,0.22515121,0.0
0.2927001,-0.4402915,0.045525547,-0.33198693,-0.0068727843,0.29999933,0.06657528,-0.38319623,-0.048150714,-0.31108043,-0.15926914,0.3349689,-0.029449433,0.0
0.7723743,-0.56410414,0.24877389,-0.41136888,-0.49476814,0.65761197,-0.041614827,-0.21161649,-0.033490766,-0.24332422,-0.25711793,0.23033872,0.7540697,0.0
0.5994588,-0.4562122,0.09393617,-0.57383764,-0.04529979,0.42644867,0.24941108,-0.5900062,0.022807393,0.08841403,-0.22771752,0.61844563,0.27475017,0.0
-0.41865888,-0.44499958,0.2596157,0.14230491,-0.20695488,-0.04104022,-0.1620767,-0.23861681,-0.024797035,-0.53388053,-0.19994386,0.05946866,-0.596774,1.0
0.58679885,-0.46981904,0.10768964,-0.59238577,-0.09823855,0.4548753,0.19218609,-0.533496,-0.09163201,-0.107148364,-0.23055866,0.29407692,0.3281143,0.0
0.027479839,0.26612365,0.09303507,-0.020862235,-0.29949027,-0.84197646,-0.9547637,0.27931765,-0.8967108,0.14820515,-0.87713337,-0.8945665,-0.40203965,2.0
0.05558064,-0.38806263,-0.055580813,0.14545001,-0.32324958,-0.7718841,-0.9232287,0.09282815,-0.8547946,0.022316728,-0.5513921,-0.5926043,-0.47526184,2.0
0.5097511,-0.20533293,0.22213162,-0.4479256,-0.32022297,0.23793356,0.17131211,-0.3746572,-0.19215733,-0.19292948,-0.24169958,0.4334061,0.11066903,0.0
-0.48628387,-0.5795038,-0.0031833318,-0.0685564,-0.2456516,-0.06487984,-0.28448972,-0.16616441,-0.57318234,-0.709012,-0.32339424,-0.07575889,-0.67544764,1.0
0.6236568,-0.5686741,0.061983824,-0.49423584,-0.70104235,0.43814307,0.21678807,-0.05769493,-0.3553121,-0.31967637,-0.021373685,0.14133225,-0.112320706,0.0
0.42136404,-0.03153846,0.27179113,-0.13657317,-0.109064035,0.26968193,0.210222,-0.5050776,-0.0063656424,-0.3637378,-0.058853377,0.6009584,0.056595884,0.0
0.8527836,-0.5300666,0.30958578,-0.5870266,-0.14756706,0.51393473,0.24486683,-0.22913283,0.07347113,0.048403993,0.020631023,0.027557462,0.5011093,0.0
-0.6332629,-0.73772895,-0.07164945,-0.17503896,-0.4091146,0.29440442,-0.09746462,-0.24522349,-0.52509326,-0.75663817,-0.060213942,0.113738626,-0.64716846,1.0
0.38142654,-0.35232723,0.17885125,-0.26731318,-0.13255718,0.3091119,0.13140024,-0.39745522,-0.17281716,-0.36071077,-0.12577899,0.47745708,0.023981402,0.0
0.18044582,0.022182371,0.2957083,-0.14471276,-0.11779146,0.15836908,0.063149676,-0.41792637,-0.005246365,-0.1845018,-0.1592327,0.6139461,0.011307543,0.0
-0.14474486,-0.5005674,0.108862236,0.027655268,-0.5127317,-0.20819962,-0.22310537,0.19165713,-0.3845863,-0.6177473,0.04472446,-0.26530984,-0.6727559,1.0
0.5413531,-0.39765364,0.21739353,-0.4125204,-0.16475615,0.2751082,0.070401005,-0.117001064,-0.03259285,-0.09987085,0.039083723,0.33798414,0.32091582,0.0
-0.4559212,-0.7423039,-0.007457351,-0.25458127,-0.41825065,-0.15867859,-0.23587805,-0.04156648,-0.4998373,-0.70317155,-0.117363095,-0.24598362,-0.7535461,1.0
0.7358589,-0.4373329,0.015727371,-0.51907814,-0.2958964,0.6355647,0.15250325,-0.18578757,0.31356958,-0.20637697,-0.16006589,0.1513244,0.6981852,0.0
0.57288176,-0.30970702,0.08282575,-0.17347322,-0.20029078,0.19592607,0.10148385,-0.28783253,0.18240464,-0.077854425,-0.023686092,0.10306017,0.2679328,0.0
0.39957908,-0.55270916,0.03730415,-0.674625,-0.16061191,0.41963935,-0.17052278,-0.20654882,0.060307566,-0.4372493,-0.21820866,0.22806309,0.31685132,0.0
0.14821023,0.27756393,0.18675007,0.38426787,-0.33420226,-0.59276265,-0.9237652,0.4378521,-0.3393787,0.061354946,-0.60139537,-0.71038556,-0.3996106,2.0
0.6557509,-0.81569105,0.47357178,-0.2908015,-0.4341896,0.52100605,-0.054498903,-0.31828,-0.100405045,-0.21411394,0.048444316,0.64321417,0.0923858,0.0
0.7099906,-0.63530195,0.509361,-0.40528733,0.06517089,0.14120567,-0.02512888,-0.46198165,-0.13956445,-0.27329263,-0.027862575,0.45282397,0.4514774,0.0
0.06559355,0.1412292,-0.08129194,0.13140552,-0.4789299,-0.82109755,-0.9572188,-0.06889446,-0.8781875,-0.35485357,-0.66273344,-0.7320705,-0.6413147,2.0
-0.4560152,-0.50689507,-2.2642314e-05,0.41132617,-0.36060998,-0.14077063,-0.6016099,-0.085655354,-0.27173534,-0.55684304,-0.12451099,0.15848505,-0.55248606,1.0
0.58460695,-0.42429027,0.17148775,-0.27895337,-0.21590886,0.36190346,-0.04775027,-0.37679636,-0.09350361,-0.027019277,-0.097723074,0.46354514,0.25516236,0.0
-0.40255502,-0.6749045,-0.023894899,-0.01848201,-0.44403866,0.1418006,0.008316057,-0.50466156,-0.31704035,-0.67641145,-0.06569539,0.37297544,-0.5099455,1.0
-0.31381276,-0.4904203,0.13315521,0.090788774,-0.22717866,-0.20264956,-0.3177985,-0.19156992,-0.14728838,-0.4550325,-0.19132428,0.14252876,-0.41821992,1.0
-0.5615688,-0.5702678,-0.13896953,-0.21372811,-0.4124083,0.14839232,-0.25486708,-0.26386845,-0.42593008,-0.69707936,-0.16747098,0.14544176,-0.44961107,1.0
-0.3324194,-0.48076266,-0.03211395,0.18157305,-0.6036312,-0.3982055,-0.53048915,0.26469025,-0.5038375,-0.7137827,0.13221596,-0.1537149,-0.60495716,1.0
0.28427213,0.13820343,0.058136627,-0.15011345,-0.7037932,-0.64337075,-0.9636725,0.4278392,-0.74638146,0.37589183,-0.8987913,-0.8775028,-0.60790575,2.0
-0.41990277,-0.6182651,0.11202558,-0.15300834,-0.2772539,0.1936225,-0.093536936,-0.029531097,-0.16660173,-0.7042081,-0.31924978,0.20605306,-0.6577702,1.0
0.31141368,-0.5122767,0.0571273,-0.24440256,-0.19711863,0.25251406,0.23101416,-0.4884273,-0.013215493,-0.20685029,-0.041653924,0.5954814,0.02268905,0.0
-0.061762925,0.09066598,0.16235009,0.2235892,-0.54006445,-0.5850392,-0.9015358,0.09363756,-0.7043752,-0.2563533,-0.49301037,-0.714624,-0.5097587,2.0
0.5496991,-0.21218683,0.19210146,-0.21610941,-0.28552324,0.2624445,0.23303,-0.5787077,-0.049224645,-0.25999442,-0.39257193,0.5268017,0.20285243,0.0
0.10604988,-0.6309624,0.025089355,0.06488472,-0.45105508,-0.15545236,-0.31650564,-0.08159951,-0.32910877,-0.31025937,-0.1937345,0.13412385,-0.40131354,1.0
0.48666614,-0.26710406,0.19457069,-0.30131695,-0.22883897,0.2604998,0.045925956,-0.5863013,-0.08926194,-0.21117017,-0.057904433,0.4756311,0.04802127,0.0
-0.19001663,-0.029879514,0.045420546,0.007596663,-0.39883554,-0.19352496,-0.48967376,0.006058359,-0.24087489,-0.57492024,-0.28498375,0.12305762,-0.5999784,1.0
0.36625353,-0.36591393,0.045090888,-0.43215674,-0.3464753,0.18854402,-0.0021363054,-0.527316,-0.12715226,-0.3259862,-0.27963808,0.3857579,0.15877697,0.0
0.41061956,-0.5428666,-0.029778672,-0.37354848,-0.13795568,0.14423813,0.12693448,-0.42003688,-0.09632256,0.023670223,-0.068315074,0.39899376,0.0493678,0.0
-0.3110024,-0.4449129,-0.11705388,-0.03036613,-0.46541017,-0.29180133,-0.30212337,-0.14565726,-0.3702375,-0.58899665,-0.19542778,-0.11625738,-0.6162907,1.0
-0.708439,-0.27722514,0.18774876,-0.13244057,-0.5159978,-0.14080946,-0.10284294,-0.08391441,0.035208575,-0.8080056,-0.096856125,0.22533801,-0.5880006,1.0
0.0009910852,-0.43185902,0.20077759,0.2777518,-0.2530407,-0.7411251,-0.9133897,0.26283303,-0.71085095,-0.23022369,-0.3680603,-0.5675943,-0.6250467,2.0
0.15988904,0.06536344,0.13798934,-0.0002770694,-0.22020748,-0.6047171,-0.92331415,0.06871478,-0.84589505,-0.120904244,-0.671543,-0.71366477,-0.43192106,2.0
-0.33235645,-0.6572601,-0.041405212,0.04283159,-0.47054017,-0.6904024,-0.89682555,0.16724856,-0.74631727,-0.27748004,-0.73613703,-0.74990964,-0.62087333,2.0
-0.5805511,-0.67098624,-0.2274386,-0.2650866,-0.5070985,-0.035803262,-0.01832925,-0.20478433,-0.26664916,-0.78126305,-0.02473295,-0.09681936,-0.5640935,1.0
0.114200674,-0.0015986809,0.08668648,0.08559167,-0.25123402,-0.36151832,-0.8732368,0.09573385,-0.7158825,-0.118171774,-0.7210448,-0.7136008,-0.4328816,2.0
-0.5621873,-0.6509095,-0.009383243,0.01413325,-0.32398322,0.10989931,-0.029296247,-0.54965836,-0.49036485,-0.72935164,-0.2570678,0.3121971,-0.67136896,1.0
0.16239677,-0.028601049,-0.17931807,-0.009638074,-0.2116195,-0.5994688,-0.8610469,-0.16038634,-0.81909233,-0.15494765,-0.72963464,-0.5929,-0.4745191,2.0
-0.2273302,-0.16654891,-0.08089987,-0.015261811,-0.64022624,-0.7851848,-0.9276711,0.17418411,-0.85816365,-0.117192745,-0.58594376,-0.79964614,-0.55323535,2.0
0.5207406,-0.34287065,0.36825365,-0.45404118,0.037657287,0.2672176,0.19766939,-0.38708958,-0.021580517,-0.061157674,-0.08194638,0.33494678,0.037935477,0.0
0.27672207,-0.1847882,0.17795473,0.2941113,-0.41823468,-0.36343,-0.84433013,-0.015568611,-0.55892134,0.11376649,-0.70170826,-0.7912102,-0.19059452,2.0
-0.2416427,-0.6245355,0.10818319,0.06458107,-0.3092711,-0.2325425,-0.0336391,-0.35642937,-0.14802152,-0.67172074,-0.15980473,0.18383442,-0.7359982,1.0
-0.47849062,-0.68099254,0.15323141,-0.14813238,-0.29535088,-0.0007170522,-0.0038033838,-0.34370854,-0.192398,-0.55651003,0.025755512,0.20777549,-0.75177264,1.0
-0.08481679,-0.38745177,-0.24018796,-0.2510722,-0.1767532,-0.009814021,-0.39338127,0.09995439,-0.33006698,-0.63586247,-0.35404444,0.0038013144,-0.59576297,1.0
0.31622148,0.009790864,0.08034311,-0.07711825,-0.5719498,-0.38245577,-0.96958995,0.26933894,-0.6004025,0.44347072,-0.91880906,-0.8694564,-0.22182606,2.0
0.3770599,-0.27817887,0.15641555,-0.16526529,-0.20511478,0.34241098,-0.032516398,-0.43215725,-0.18394849,-0.29820797,-0.2834433,0.30846325,0.009652326,0.0
-0.29568276,-0.44953308,0.011127899,-0.14836532,-0.32477075,-0.11522636,-0.25757626,-0.22368655,-0.2909383,-0.49352303,-0.25506616,-0.09182461,-0.68507224,1.0
-0.4054242,-0.21562916,-0.047704887,0.30694884,-0.6180784,-0.14176084,-0.24234843,0.2341215,0.09829387,-0.6916578,-0.4678663,0.32336944,-0.65594393,1.0
0.04259507,0.55348086,0.020368284,0.08410477,-0.36330613,-0.77511066,-0.96259993,0.102399155,-0.88105637,-0.078639925,-0.88499635,-0.8998619,-0.43071485,2.0
0.12924619,0.44726044,0.09736518,0.20697618,-0.4899352,-0.81597394,-0.98162925,0.079599984,-0.85522306,-0.4376152,-0.7470055,-0.8489997,-0.5939054,2.0
0.27109075,-0.13598722,0.027558291,-0.080381185,-0.3207736,-0.5499984,-0.7883481,0.22319792,-0.6272888,0.059023034,-0.51131445,-0.7284827,-0.50531167,2.0
0.27997264,-0.60688984,0.076822504,-0.42116886,-0.21255547,0.10063482,0.0572826,-0.3875857,-0.1483823,-0.17322347,-0.0351847,0.42131275,-0.14572696,0.0
0.46486562,-0.8337845,0.59156305,-0.4419575,-0.17819946,0.39207315,-0.057774156,-0.32200885,-0.16548334,-0.42335293,0.19693556,0.56014216,0.17703082,0.0
0.28472152,-0.18713684,0.24107377,0.2940971,-0.37261516,-0.70558095,-0.8947805,0.31258118,-0.59976846,0.1372686,-0.6164694,-0.8057245,-0.6499381,2.0
0.37646568,-0.44341952,0.2885742,-0.3820394,-0.26857337,0.25644156,0.057277545,-0.34824455,-0.18345363,-0.14753483,-0.28165072,0.38191724,0.044515327,0.0
-0.1293076,-0.18066795,0.007801814,0.16263643,-0.67380625,-0.8189913,-0.96938723,0.44165125,-0.74998134,0.19481148,-0.72591096,-0.9253119,-0.54585516,2.0
-0.019361692,-0.025101768,0.010607769,-0.005826434,-0.18208948,-0.7660069,-0.9667416,0.09124115,-0.8629891,0.101980925,-0.8221772,-0.89134306,-0.36945558,2.0
-0.0895883,-0.40481862,-0.05487447,0.025840966,-0.28124294,0.042389356,-0.0860563,-0.37436154,0.21636206,-0.35653237,-0.16136661,0.26087257,-0.46366143,1.0
-0.35893348,-0.41636622,-0.19924115,-0.16013375,-0.41384757,0.22904387,0.06755761,-0.02171609,0.07407179,-0.45413825,0.11779506,0.23519704,-0.63091314,1.0
-0.062344693,0.074365385,0.16617483,0.02608812,-0.42515147,-0.7410723,-0.9534957,0.0943164,-0.77741015,-0.41134816,-0.76992446,-0.90101665,-0.5752644,2.0
0.5773977,-0.52759856,-0.033856954,-0.61250114,-0.47440547,0.19959337,-0.031406768,-0.52379143,-0.07404183,-0.4279032,-0.066942215,0.43993825,0.1607354,0.0
0.2359306,-0.0069269883,0.071136,0.06698741,-0.46926442,-0.36161542,-0.83790576,0.34729803,-0.328151,0.33956534,-0.7815166,-0.777286,-0.15081628,2.0
-0.1762058,-0.38627732,-0.11063364,-0.096321076,-0.27800956,-0.0908688,-0.48789474,0.013133705,-0.6231718,-0.69237316,-0.11565971,0.14315736,-0.6198214,1.0
0.726984,-0.45803642,0.3480721,-0.23395765,-0.5261097,0.25882837,0.04805347,-0.5735756,-0.53572935,-0.24333386,0.16143294,0.31959072,0.20056897,0.0
-0.16994832,-0.274505,0.10230961,-0.035461284,-0.32154703,-0.41261217,-0.19087383,-0.2229998,-0.26467448,-0.32192615,-0.10899699,-0.19790055,-0.48287752,1.0
0.23743209,-0.6143989,0.061626013,-0.39720362,-0.24693082,0.14112896,0.11775481,-0.652404,-0.054219272,-0.42113584,-0.12299453,0.6555139,-0.21303847,0.0
-0.5958716,-0.6783647,0.20070346,-0.29142576,-0.32769322,-0.19627663,-0.13987432,-0.29957664,-0.06390112,-0.7153052,0.16183802,-0.0026905471,-0.6917626,1.0
0.61578935,-0.19271198,0.07350857,-0.23300275,0.07311004,0.25635752,0.2848522,-0.23506723,-0.074811034,-0.3902181,0.010848067,0.122557215,0.30220464,0.0
-0.4084554,-0.27041942,0.048059754,-0.07815878,-0.5914741,-0.23364587,-0.42501006,0.4622607,-0.41276625,-0.7562118,-0.3008745,-0.030977545,-0.81988406,1.0
0.1925068,-0.13824692,0.034005728,0.18743706,-0.38307607,-0.710985,-0.9255367,0.21816464,-0.61382604,0.28615245,-0.75961494,-0.8857014,-0.48533127,2.0
-0.23204109,0.4867657,-0.077306494,-0.18347515,-0.58841103,-0.8385462,-0.9584431,0.2724367,-0.5491461,0.3069078,-0.8098888,-0.87309414,-0.77812797,2.0
0.2707517,0.3867494,0.25792158,0.2907847,-0.6121094,-0.6083463,-0.89832705,0.6061059,-0.60089386,0.50850725,-0.8207202,-0.6611855,-0.46618846,2.0
-0.3677642,-0.48964292,0.019414797,-0.17099492,-0.2607896,-0.099505566,-0.15985996,-0.30493683,-0.1767187,-0.64871097,-0.2354078,-0.18788883,-0.66960216,1.0
0.34393686,-0.47328588,0.10062994,-0.28845367,-0.108519696,0.17239061,0.018634133,-0.6634219,-0.1413933,-0.20400825,-0.26679617,0.5282813,0.064753704,0.0
0.05135903,0.020188374,-0.0013174146,-0.087278344,-0.7066434,-0.19769572,-0.94738126,0.1929244,-0.76010126,0.44885048,-0.9012846,-0.8311706,-0.2989707,2.0
-0.6014843,-0.5576803,0.03585667,-0.23497072,-0.37693176,-0.22990963,-0.4327431,0.09353053,-0.67709714,-0.78734964,-0.15007158,-0.33671108,-0.8759967,1.0
-0.72084135,-0.6655147,0.08224489,-0.2037937,-0.24458061,-0.026297905,0.0012991272,-0.23117095,-0.32560265,-0.79183424,-0.2266374,0.048446525,-0.8332223,1.0
0.49279436,-0.28808472,0.19816479,-0.3845846,-0.42126885,0.14141232,-0.006391155,-0.3594278,-0.20357956,-0.2632494,-0.033515565,0.4964471,0.21408427,0.0
0.32318,0.04187327,0.13972999,0.2295067,-0.38009873,-0.6497355,-0.8745388,0.37584132,-0.46262252,0.3496873,-0.6755821,-0.80623007,-0.37766394,2.0
-0.49489665,-0.7121549,0.275336,-0.048880894,-0.45553237,0.19610456,-0.018909805,-0.26324427,-0.11431733,-0.42354667,-0.08926603,0.320811,-0.70365024,1.0
-0.26781258,-0.5093133,0.09540507,0.24903956,-0.053856146,0.034072038,-0.52335674,-0.2826923,-0.46712357,-0.43145072,0.0008333901,0.3064687,-0.49386656,1.0
-0.1054876,-0.1157911,0.075554915,-0.09731855,-0.37377304,-0.62516755,-0.85534614,0.05442902,-0.65606326,-0.2648048,-0.70249116,-0.73979956,-0.49149257,2.0
-0.0029582314,-0.07760914,-0.06220123,0.25584298,-0.02231143,-0.5625889,-0.94078666,-0.10108124,-0.7246783,-0.054097507,-0.75579125,-0.79908437,-0.5358798,2.0
0.7120541,0.015397162,0.09342246,-0.40344015,-0.55228865,0.5480783,0.16094092,-0.22409332,0.022082854,-0.21961121,-0.05393728,0.13767783,0.4344708,0.0
0.094583675,-0.3753266,0.1319903,-0.18279822,-0.33883512,0.23791984,-0.13473733,-0.2719715,-0.2779246,-0.3551844,-0.035175882,0.5333616,-0.03199993,0.0
-0.2894194,-0.7623302,-0.025864195,-0.090450145,-0.42838663,0.07862251,-0.17793094,-0.06608975,-0.5394291,-0.6818157,-0.012826969,0.011396767,-0.67241085,1.0
-0.13114198,0.16646454,0.23204085,0.15210715,-0.4137787,-0.60498756,-0.9484754,0.26082867,-0.6906394,-0.42413592,-0.75523263,-0.82397354,-0.4004742,2.0
0.0020983953,0.13303755,0.2450255,-0.027518006,-0.46998402,-0.5294642,-0.92867327,0.16013676,-0.69173557,-0.3329739,-0.8041602,-0.8613584,-0.40664378,2.0
-0.54918474,-0.67370975,0.04794186,-0.14487682,-0.44854534,0.18534338,0.14286567,-0.4143192,-0.10921001,-0.4998975,-0.08084567,0.3006308,-0.72270733,1.0
0.044355407,0.23390426,0.04921015,0.19566885,-0.28809822,-0.8022298,-0.9304968,0.24612652,-0.7907185,0.05052782,-0.85152227,-0.8498966,-0.54946345,2.0
-0.49038106,-0.6259799,0.053501062,-0.2781345,-0.44878533,-0.44557738,-0.17235363,-0.06086434,0.1493827,-0.5181385,-0.3513297,-0.2310364,-0.69168067,1.0
0.43149287,-0.51260877,0.19628693,-0.47522107,-0.31027344,0.21782686,-0.055932593,-0.18926352,0.028780103,-0.17351432,-0.017514134,0.2493125,0.049293805,0.0
0.42583948,-0.5046419,0.33239034,-0.113211304,-0.1972518,0.32039115,-0.010560699,-0.4077895,0.103848554,-0.3115721,-0.14915043,0.49210542,0.085304916,0.0
0.23502965,-0.26523578,0.15964523,0.40307713,-0.14149798,-0.6796048,-0.8579861,0.15733868,-0.7529355,-0.20513831,-0.5813172,-0.6913194,-0.46924502,2.0
-0.24569835,-0.64396083,-0.062591694,-0.14955749,-0.45975593,-0.7055421,-0.9276149,0.13184325,-0.7525699,-0.15087679,-0.6950327,-0.72406805,-0.53152484,2.0
0.2185337,-0.24354951,0.15821692,0.062637046,-0.5989976,-0.56498986,-0.9156429,0.16927405,-0.4040496,0.3043702,-0.87579435,-0.7496832,-0.5820255,2.0
0.5453866,-0.49905786,0.30209053,-0.21388827,-0.16146156,0.25567693,-0.053381387,-0.16721144,-0.039155323,0.06354037,-0.10952895,0.2852442,-0.03837431,0.0
0.66787404,-0.3543517,0.027269492,-0.26303473,-0.34927157,0.44116628,0.21765329,-0.36145106,-0.05274041,-0.110056125,-0.20645946,0.42359975,0.5858432,0.0
-0.46655777,-0.46616775,-0.05692517,0.083314665,-0.41745982,-0.15412992,-0.22728787,-0.38504148,-0.03396585,-0.5939352,-0.07423697,0.23035598,-0.6310321,1.0
0.6163137,-0.5230621,-0.016862985,-0.32298383,-0.17402284,0.27355376,0.09560134,-0.42074412,0.08329415,-0.0314208,0.15918583,0.32222316,0.41401792,0.0
-0.36503938,-0.7071616,-0.044092055,-0.107800856,-0.23558387,-0.014372992,-0.2187702,-0.063684694,-0.47386155,-0.56547064,-0.009619564,-0.049521547,-0.44878006,1.0
0.41760877,-0.33266547,0.25048319,-0.21038988,-0.131008,0.3271333,0.14679617,-0.13061261,-0.067154326,-0.25068367,0.066008694,0.24136415,0.14817066,0.0
0.38030505,0.29440302,0.4208783,0.1142127,-0.44356126,-0.4245966,-0.9366236,0.21881726,-0.68144125,-0.32661575,-0.8328303,-0.883759,-0.4041992,2.0
0.5209369,-0.5033375,0.12880617,-0.49669367,-0.31116688,0.18943396,0.00017991662,-0.56529593,-0.18393226,-0.24848387,-0.1679159,0.3655342,0.21872361,0.0
-0.5502164,-0.69656885,0.02697813,0.2527135,-0.60606194,-0.45219997,-0.5354659,0.13338606,-0.002472254,-0.62261736,-0.51040596,0.13001284,-0.7161755,1.0
-0.10557132,-0.18168549,0.11169956,0.18166497,-0.26583847,-0.4686773,-0.93915665,0.31534678,-0.53954625,0.08199666,-0.70478684,-0.78459084,-0.13547605,2.0
0.007842836,-0.16275242,0.02542573,0.16860314,-0.5306606,-0.15070358,-0.9514483,0.3643083,-0.7509762,0.15455048,-0.8900999,-0.7505561,-0.4342343,2.0
-0.21418262,-0.10565127,-0.06699156,0.0014585237,-0.39043483,0.35413024,0.13752824,0.013094838,-0.09163498,-0.65527266,-0.10976631,0.08577271,-0.6402623,1.0
-0.4297174,-0.5488454,0.20061299,0.30536982,-0.50089777,0.32844046,-0.24970698,-0.22810921,-0.16926847,-0.583943,-0.26194268,0.49681666,-0.6900756,1.0
-0.5391386,-0.68279976,0.045708977,-0.1338435,-0.34608662,0.16685016,-0.2158884,-0.29762197,-0.49705034,-0.7774344,-0.19245316,0.2364573,-0.7281713,1.0
-0.5396311,-0.24106005,-0.29455075,-0.14113833,-0.51811534,0.20441495,-0.11923473,-0.506114,-0.40500963,-0.74870443,-0.31035915,0.2664996,-0.5370914,1.0
-0.53524333,-0.5881583,-0.13936388,-0.2975013,-0.40999818,-0.017735876,-0.25312215,0.095335096,-0.43146926,-0.74384505,-0.05214342,0.00068912643,-0.6234706,1.0
0.3962325,-0.3234391,0.1061709,-0.32576597,-0.19074357,0.22022903,-0.04746814,-0.5493274,-0.20129582,-0.46369705,-0.21398363,0.3373953,0.019695729,0.0
0.15249836,-0.07953446,0.053526275,0.16323313,-0.15359949,-0.5547855,-0.84238243,0.19410896,-0.6311966,-0.16935314,-0.6502505,-0.7100947,-0.3428504,2.0
0.6067858,-0.38866425,0.20887503,-0.39973328,-0.00073728326,0.23201047,0.15654075,-0.44574803,-0.03684413,-0.13237242,-0.056095876,0.3324994,0.16914234,0.0
-0.20754799,-0.7793337,-0.19082545,-0.10519091,-0.6965128,0.4034364,0.055604104,0.19274108,0.3558346,-0.8377,-0.2472625,0.4821297,-0.87513846,1.0
-0.5821156,-0.31246772,-0.2284167,-0.30432796,-0.5509076,-0.14591104,-0.16934915,0.07907082,-0.52571887,-0.7181154,-0.34400338,-0.29280955,-0.6838862,1.0
0.28493094,-0.29124194,0.031562824,-0.22179434,-0.06759807,0.14863005,-0.06078525,-0.6300842,0.005817774,-0.3738588,-0.21469007,0.5433438,-0.14725854,0.0
0.71000654,-0.5546878,0.31421885,-0.5281435,0.028249491,0.50310403,-0.05660011,-0.29438502,-0.15732132,-0.22302689,-0.016184544,0.4933938,0.43490937,0.0
-0.4684427,-0.83482265,0.06871702,0.12735231,-0.79652596,-0.24239369,-0.2797696,0.2215534,-0.3643943,-0.67419803,-0.27860925,0.33068967,-0.80470425,1.0
0.106637046,0.42312813,0.03281973,0.122737445,-0.43022528,-0.7538238,-0.9648447,0.13650644,-0.6226163,-0.1903635,-0.8140939,-0.7857716,-0.7920742,2.0
0.72078013,-0.57774687,0.109644026,-0.64987445,-0.45018604,0.6257949,0.017698303,0.04176096,-0.017600862,-0.63317347,-0.10279519,0.19822893,0.1372524,0.0
0.08407014,-0.5470152,0.21143277,0.04638856,-0.21893083,-0.6728174,-0.9175418,0.21919328,-0.79451436,-0.21008536,-0.4353181,-0.7181389,-0.484663,2.0
-0.47677416,-0.4274347,0.16264276,-0.11852798,-0.3801323,0.054458626,-0.096354805,-0.2706553,-0.31792057,-0.71970284,0.014715041,0.29002303,-0.56819206,1.0
-0.041942064,0.4132675,-0.04363242,0.23252325,-0.48072475,-0.7430432,-0.96495944,0.21259913,-0.43951255,-0.049273983,-0.7539619,-0.82334775,-0.5090117,2.0
-0.2723978,-0.5588268,0.35767576,-0.09501428,-0.33713138,-0.31975955,-0.28841978,0.4175476,-0.12705196,-0.5994381,-0.4051949,0.018921226,-0.7127957,1.0
0.14141479,-0.07677428,0.13036336,-0.31660008,-0.1619448,0.16147237,-0.18986058,-0.3526406,-0.24152729,-0.454623,-0.25267023,0.5377633,-0.16617176,0.0
0.3511984,-0.5135556,0.14197509,-0.3352644,-0.23230225,0.18091175,0.045888484,-0.32654732,-0.290761,-0.33552557,-0.0996822,0.50271064,-0.08031739,0.0
-0.04034586,-0.63292736,-0.216776,-0.4415846,-0.63149554,0.13116038,-0.13972275,-0.18088749,-0.39076126,-0.5773611,0.12765156,0.43851075,-0.07029625,0.0
-0.5041286,-0.4408326,0.24876049,0.034834877,-0.35725623,-0.1295528,-0.11853602,-0.34518364,-0.17378505,-0.65889096,-0.026887406,0.028787127,-0.74230784,1.0
-0.17968827,0.5148325,0.026682397,0.025779294,-0.46247193,-0.5826104,-0.9553794,0.23285654,-0.52227587,0.015721977,-0.760292,-0.700673,-0.4904738,2.0
0.15336268,-0.4093396,0.26141325,-0.3702487,-0.068931356,0.2264603,0.1589166,-0.35869732,0.05895157,-0.31405196,-0.01294865,0.38526696,-0.007988406,0.0
-0.44621903,-0.61037016,0.11097096,-0.11738239,-0.37324625,-0.2813018,-0.29662147,-0.21067776,-0.07469123,-0.39276057,-0.1326922,0.014367467,-0.6078396,1.0
-0.41933635,-0.3911208,-0.17921218,-0.056634117,-0.4486315,0.33535644,-0.0058688703,-0.45696706,-0.51041937,-0.7158859,-0.040666312,0.20105314,-0.5198635,1.0
0.5695966,-0.6803662,0.1948782,-0.36987793,-0.35212228,0.39721897,0.19993705,-0.5223129,-0.1605423,-0.1632518,0.10148064,0.5847363,0.092817806,0.0
-0.29415518,-0.021395043,-0.11617797,0.30886018,-0.55924845,0.18635148,0.044824008,0.092403844,-0.23442164,-0.46089402,-0.48353392,0.3093277,-0.6631099,1.0
-0.33215815,-0.26429534,-0.024269482,0.22801678,-0.39477482,0.11290437,0.039374597,-0.27233553,0.11104984,-0.55768603,-0.009816636,0.26868832,-0.66097444,1.0
0.6805716,-0.5267696,-0.009034574,-0.2992439,-0.47258046,0.26612553,0.17212836,-0.06940919,-0.24144655,-0.27243215,-0.10764022,-0.0761767,0.23538463,0.0
0.2697935,-0.73985165,0.24508016,-0.47460693,-0.29203603,0.38354906,0.12310996,-0.23443854,-0.067442946,-0.46573907,-0.022181416,0.43221337,0.10814964,0.0
-0.4774139,-0.67826307,-0.14181538,0.10166245,-0.48733997,-0.17906992,-0.21362416,-0.10397229,-0.39466128,-0.7318124,-0.080688454,-0.005021416,-0.5352608,1.0
-0.0500001,-0.54534227,-0.1348755,-0.16773842,-0.2775405,-0.31730044,-0.39250803,0.024309907,-0.2647158,-0.22905378,-0.37325588,-0.2346287,-0.23453839,1.0
-0.045593217,-0.22811982,-0.095630065,-0.23609214,-0.3287992,-0.23809683,-0.59945154,-0.18769173,-0.25618136,-0.4936294,-0.3529147,0.06451731,-0.38067982,1.0
-0.5386121,-0.5507474,0.1751154,-0.049229074,-0.3100995,0.020275839,-0.2228816,-0.4592264,-0.34127793,-0.71962816,-0.23035535,0.29630718,-0.67540216,1.0
-0.26634026,-0.7670322,-0.0405755,0.028371995,-0.5264422,-0.11417289,-0.077268325,-0.57660615,-0.28640684,-0.5199483,-0.053082015,0.36836892,-0.56760156,1.0
0.40745246,-0.404757,0.25663522,-0.3174585,-0.10652074,0.14078529,0.06687097,-0.35484612,0.029990416,-0.122819476,-0.11294427,0.2888609,0.24516685,0.0
0.24544683,-0.46866205,0.2765583,-0.24717861,-0.2942744,0.2702013,0.18699133,-0.6785279,-0.087392926,-0.11079289,0.02418331,0.68162984,0.05124077,0.0
-0.019459609,-0.4329005,-0.2526511,-0.21135277,-0.40348515,-0.09523114,-0.5210918,0.17948182,-0.5256048,-0.80732846,-0.07508387,-0.25294983,-0.48406354,1.0
-0.3075373,-0.683586,-0.085666634,-0.43988666,-0.38627133,-0.30193678,-0.53922576,0.26719964,-0.53995514,-0.5388082,-0.34168866,-0.5160496,-0.68920636,1.0
